{"dataPointId": "tbv9-fxlk-p31j", "deviceId": "Flow Web", "duration": 34, "formId": "313200912", "formVersion": 2.0, "responses": [{"answerType": "META_NAME", "iteration": 0, "questionId": "-1", "value": "Sophal Bou-32-Male-Jim"}, {"answerType": "META_GEO", "iteration": 0, "questionId": "-2", "value": "-8.6764779|115.236364|0"}, {"answerType": "FREE", "iteration": 0, "questionId": "317160912", "value": "Sophal Bou"}, {"answerType": "FREE", "iteration": 0, "questionId": "319200912", "value": "32"}, {"answerType": "OPTION", "iteration": 0, "questionId": "317160913", "value": "[{\"text\": \"Male\"}]"}, {"answerType": "FREE", "iteration": 0, "questionId": "319190915", "value": "Mantap"}, {"answerType": "OPTION", "iteration": 0, "questionId": "311160912", "value": "[{\"text\": \"Jim\"}]"}], "submissionDate": 1562313921101, "username": "Deden Akvo", "uuid": "51c38154-e006-4039-83f2-35013351714c"}