{"dataPointId": "yreo-1xur-8vtj", "deviceId": "Deden Flow Support", "duration": 1607, "formId": "231900002", "formVersion": 2.0, "responses": [{"answerType": "META_NAME", "iteration": 0, "questionId": "-1", "value": "Deden Bangkit - 58934752"}, {"answerType": "META_GEO", "iteration": 0, "questionId": "-2", "value": "-8.6764779|115.236364|0"}, {"answerType": "VALUE", "iteration": 0, "questionId": "235860001", "value": "Deden Bangkit"}, {"answerType": "CASCADE", "iteration": 0, "questionId": "221870003", "value": "[{\"text\": \"130\"}]"}, {"answerType": "VALUE", "iteration": 0, "questionId": "203920001", "value": "58934752"}, {"answerType": "VALUE", "iteration": 0, "questionId": "221870016", "value": "20"}, {"answerType": "VALUE", "iteration": 0, "questionId": "217890014", "value": "Other"}], "submissionDate": 1571668488016, "username": "Deden Akvo", "uuid": "78c5eaad-c096-47c1-842f-acbb6f7a75d8"}