{"dataPointId": "k10z-gk6u-34xn", "deviceId": "Deden Flow Support", "duration": 436, "formId": "313200912", "formVersion": 3.0, "responses": [{"answerType": "META_NAME", "iteration": 0, "questionId": "-1", "value": "Tetris - Deden - 487239854735 - Testing Deden Bangkit - 12 - Male - ACEH - KAB. NAGAN RAYA -  - "}, {"answerType": "META_GEO", "iteration": 0, "questionId": "-2", "value": "-8.6764779|115.236364|0"}, {"answerType": "VALUE", "iteration": 0, "questionId": "317160912", "value": "Testing Deden Bangkit"}, {"answerType": "VALUE", "iteration": 0, "questionId": "319200912", "value": "12"}, {"answerType": "OPTION", "iteration": 0, "questionId": "317160913", "value": "[{\"text\": \"Male\"}]"}, {"answerType": "CASCADE", "iteration": 0, "questionId": "323150912", "value": "[{\"code\": \"ACEH\", \"name\": \"ACEH\"}, {\"code\": \"KAB. NAGAN RAYA\", \"name\": \"KAB. NAGAN RAYA\"}]"}, {"answerType": "VALUE", "iteration": 0, "questionId": "319190915", "value": "Nothing"}, {"answerType": "OPTION", "iteration": 0, "questionId": "311160912", "value": "[{\"text\": \"Jim\"}, {\"text\": \"Dagmar\"}]"}, {"answerType": "OPTION", "iteration": 0, "questionId": "291350914", "value": "[{\"text\": \"Deden\"}]"}, {"answerType": "VALUE", "iteration": 0, "questionId": "293370912", "value": "Because he is handsome"}, {"answerType": "IMAGE", "iteration": 0, "questionId": "315290913", "value": "{\"filename\": \"21e7aa9e-9e83-40a5-8038-1b6ffa22914c.jpg\"}"}], "submissionDate": 1572404535682, "username": "Deden Akvo", "uuid": "06eeb896-8e88-4b83-a180-3f76f79e4413"}