{"dataPointId": "qgby-d47m-6bhd", "deviceId": "Deden Flow Support", "duration": 2141, "formId": "313200912", "formVersion": 3.0, "responses": [{"answerType": "META_NAME", "iteration": 0, "questionId": "-1", "value": "SidedenTesting - Deden - 20 - Male - PAPUA BARAT - KAB. TAMBRAUW -  -  -  - "}, {"answerType": "META_GEO", "iteration": 0, "questionId": "-2", "value": "-8.6764779|115.236364|0"}, {"answerType": "VALUE", "iteration": 0, "questionId": "317160912", "value": "Deden"}, {"answerType": "VALUE", "iteration": 0, "questionId": "319200912", "value": "20"}, {"answerType": "OPTION", "iteration": 0, "questionId": "317160913", "value": "[{\"text\": \"Male\"}]"}, {"answerType": "CASCADE", "iteration": 0, "questionId": "323150912", "value": "[{\"code\": \"PAPUA BARAT\", \"name\": \"PAPUA BARAT\"}, {\"code\": \"KAB. TAMBRAUW\", \"name\": \"KAB. TAMBRAUW\"}]"}, {"answerType": "VALUE", "iteration": 0, "questionId": "319190915", "value": "Testing"}, {"answerType": "OPTION", "iteration": 0, "questionId": "311160912", "value": "[{\"text\": \"Joy\"}, {\"text\": \"Ima\"}, {\"text\": \"Dagmar\"}, {\"text\": \"Jim\"}]"}, {"answerType": "OPTION", "iteration": 0, "questionId": "291350914", "value": "[{\"text\": \"Deden\"}]"}, {"answerType": "VALUE", "iteration": 0, "questionId": "293370912", "value": "Testing"}, {"answerType": "IMAGE", "iteration": 0, "questionId": "315290913", "value": "{\"filename\": \"0e2781be-2fff-4ab8-ada0-278569b3a1c0.jpeg\"}"}], "submissionDate": 1572604178640, "username": "Deden Akvo", "uuid": "0d3c9960-7d21-4d87-bd8d-bb41efbd4248"}