{"dataPointId": "vs1g-5kl7-c68e", "deviceId": "Deden Flow Support", "duration": 10, "formId": "313200912", "formVersion": 3.0, "responses": [{"answerType": "META_NAME", "iteration": 0, "questionId": "-1", "value": "SidedenTesting - Deden - 20 - Male - BANTEN - KOTA CILEGON -  -  -  - "}, {"answerType": "META_GEO", "iteration": 0, "questionId": "-2", "value": "-8.6764779|115.236364|0"}, {"answerType": "VALUE", "iteration": 0, "questionId": "317160912", "value": "Deden"}, {"answerType": "VALUE", "iteration": 0, "questionId": "319200912", "value": "20"}, {"answerType": "OPTION", "iteration": 0, "questionId": "317160913", "value": "[{\"text\": \"Male\"}]"}, {"answerType": "CASCADE", "iteration": 0, "questionId": "323150912", "value": "[{\"code\": \"BANTEN\", \"name\": \"BANTEN\"}, {\"code\": \"KOTA CILEGON\", \"name\": \"KOTA CILEGON\"}]"}, {"answerType": "VALUE", "iteration": 0, "questionId": "319190915", "value": "Testing"}, {"answerType": "OPTION", "iteration": 0, "questionId": "311160912", "value": "[{\"text\": \"Joy\"}, {\"text\": \"Ima\"}, {\"text\": \"Dagmar\"}, {\"text\": \"Jim\"}]"}, {"answerType": "OPTION", "iteration": 0, "questionId": "291350914", "value": "[{\"text\": \"Deden\"}]"}, {"answerType": "VALUE", "iteration": 0, "questionId": "293370912", "value": "Testing"}], "submissionDate": 1572596128160, "username": "Deden Akvo", "uuid": "f097644a-1f91-4e30-a98a-dfe7b053816d"}