{"dataPointId": "idxg-l80v-l07o", "deviceId": "Deden Flow Support", "duration": 1566, "formId": "231900002", "formVersion": 2.0, "responses": [{"answerType": "META_NAME", "iteration": 0, "questionId": "-1", "value": "Deden Bangkit - 58934752"}, {"answerType": "META_GEO", "iteration": 0, "questionId": "-2", "value": "-8.6764779|115.236364|0"}, {"answerType": "VALUE", "iteration": 0, "questionId": "235860001", "value": "Deden Bangkit"}, {"answerType": "OPTION", "iteration": 0, "questionId": "199920001", "value": "Male"}, {"answerType": "CASCADE", "iteration": 0, "questionId": "221870003", "value": "[{\"text\": \"130\"}]"}, {"answerType": "VALUE", "iteration": 0, "questionId": "203920001", "value": "58934752"}, {"answerType": "VALUE", "iteration": 0, "questionId": "221870016", "value": "20"}, {"answerType": "OPTION", "iteration": 0, "questionId": "217900012", "value": "Acres"}, {"answerType": "OPTION", "iteration": 0, "questionId": "203910013", "value": "[\"Canola\",\"Cutton\",\"Wheat\",\"Other\"]"}, {"answerType": "VALUE", "iteration": 0, "questionId": "217890014", "value": "Testing Other Last Harvested Crop"}], "submissionDate": 1571670060589, "username": "Deden Akvo", "uuid": "f80dc7af-9fc0-4885-8c79-040a8188a00d"}