{"dataPointId": "wvt9-kr1i-1wfu", "deviceId": "Flow Web", "duration": 44, "formId": "313200912", "formVersion": 2.0, "responses": [{"answerType": "META_NAME", "iteration": 0, "questionId": "-1", "value": "Densky-30-Male-Jim"}, {"answerType": "META_GEO", "iteration": 0, "questionId": "-2", "value": "-8.6764779|115.236364|0"}, {"answerType": "FREE", "iteration": 0, "questionId": "317160912", "value": "Densky"}, {"answerType": "FREE", "iteration": 0, "questionId": "319200912", "value": "30"}, {"answerType": "OPTION", "iteration": 0, "questionId": "317160913", "value": "[{\"text\": \"Male\"}]"}, {"answerType": "FREE", "iteration": 0, "questionId": "319190915", "value": "Nope no"}, {"answerType": "OPTION", "iteration": 0, "questionId": "311160912", "value": "[{\"text\": \"Jim\"}]"}], "submissionDate": 1561964595092, "username": "Deden Akvo", "uuid": "b1de5065-d976-47b7-b12d-ee4aab0a7f8e"}