{"dataPointId": "mi1t-ntni-eyci", "deviceId": "Deden Flow Support", "duration": 25, "formId": "231900002", "formVersion": 2.0, "responses": [{"answerType": "META_NAME", "iteration": 0, "questionId": "-1", "value": "Tunggu Dulu - 085743333004"}, {"answerType": "META_GEO", "iteration": 0, "questionId": "-2", "value": "-8.6764779|115.236364|0"}, {"answerType": "FREE", "iteration": 0, "questionId": "235860001", "value": "Tunggu Dulu"}, {"answerType": "OPTION", "iteration": 0, "questionId": "199920001", "value": "[{\"text\": \"Male\"}]"}, {"answerType": "CASCADE", "iteration": 0, "questionId": "221870003", "value": "449"}, {"answerType": "FREE", "iteration": 0, "questionId": "203920001", "value": "085743333004"}, {"answerType": "FREE", "iteration": 0, "questionId": "221870016", "value": "10"}, {"answerType": "OPTION", "iteration": 0, "questionId": "217900012", "value": "[{\"text\": \"Acres\"}]"}, {"answerType": "OPTION", "iteration": 0, "questionId": "203910013", "value": "[{\"text\": \"[\\\"Corn\\\",\\\"Cutton\\\",\\\"Canola\\\",\\\"Wheat\\\"]\"}]"}], "submissionDate": 1571130448208, "username": "Deden Akvo", "uuid": "6c5ed4cd-c840-440a-853c-a2e502284103"}