{"dataPointId":"rapa-hsyq-pywu","deviceId":"Akvo Deden","duration":54,"formId":"324840912","formVersion":1.0,"responses":[{"answerType":"META_NAME","iteration":0,"questionId":"-1","value":"Deden Test - 32 - DKI JAKARTA - KOTA JAKARTA PUSAT"},{"answerType":"VALUE","iteration":0,"questionId":"310770913","value":"Shinta"},{"answerType":"VALUE","iteration":1,"questionId":"310770913","value":"Mehaga"},{"answerType":"VALUE","iteration":0,"questionId":"312410914","value":"32"},{"answerType":"VALUE","iteration":1,"questionId":"312410914","value":"4"},{"answerType":"OPTION","iteration":0,"questionId":"322540914","value":"[{\"text\":\"Spouse\"}]"},{"answerType":"OPTION","iteration":1,"questionId":"322540914","value":"[{\"text\":\"Children\"}]"},{"answerType":"VALUE","iteration":0,"questionId":"322540915","value":"2"},{"answerType":"VALUE","iteration":0,"questionId":"322550912","value":"Deden Test"},{"answerType":"CASCADE","iteration":0,"questionId":"324840915","value":"[{\"code\":\"DKI JAKARTA\",\"name\":\"DKI JAKARTA\"},{\"code\":\"KOTA JAKARTA PUSAT\",\"name\":\"KOTA JAKARTA PUSAT\"}]"},{"answerType":"VALUE","iteration":0,"questionId":"324850913","value":"32"},{"answerType":"OPTION","iteration":0,"questionId":"324860914","value":"[{\"text\":\"Yes\"}]"}],"submissionDate":1590647271496,"username":"Deden","uuid":"0c96b59b-1c18-44a9-9630-d5ab2cd0a874"}