{"dataPointId": "uvsi-9u91-kleh", "deviceId": "Deden Flow Support", "duration": 212, "formId": "231900002", "formVersion": 2.0, "responses": [{"answerType": "META_NAME", "iteration": 0, "questionId": "-1", "value": "Deden Bangkit - 58934752"}, {"answerType": "META_GEO", "iteration": 0, "questionId": "-2", "value": "-8.6764779|115.236364|0"}, {"answerType": "VALUE", "iteration": 0, "questionId": "235860001", "value": "Deden Bangkit"}, {"answerType": "OPTION", "iteration": 0, "questionId": "199920001", "value": "[{\"text\": \"Male\"}]"}, {"answerType": "CASCADE", "iteration": 0, "questionId": "221870003", "value": "[{\"text\": \"BENGKULU\"}, {\"text\": \"KAB. KAUR\"}]"}, {"answerType": "VALUE", "iteration": 0, "questionId": "203920001", "value": "58934752"}, {"answerType": "VALUE", "iteration": 0, "questionId": "221870016", "value": "20"}, {"answerType": "OPTION", "iteration": 0, "questionId": "217900012", "value": "[{\"text\": \"Acres\"}]"}, {"answerType": "OPTION", "iteration": 0, "questionId": "203910013", "value": "[{\"text\": \"Canola\"}, {\"text\": \"Cutton\"}, {\"text\": \"Wheat\"}, {\"text\": \"Other\"}]"}, {"answerType": "VALUE", "iteration": 0, "questionId": "217890014", "value": "Testing Other Last Harvested Crop"}], "submissionDate": 1571679959003, "username": "Deden Akvo", "uuid": "e45a853b-6785-446a-81c2-b7e688fa8bd0"}