{"dataPointId":"mtj8-868j-97xf","deviceId":"Akvo Support Deden 01","duration":34,"formId":"317680912","formVersion":1.0,"responses":[{"answerType":"META_NAME","iteration":0,"questionId":"-1","value":"Deden Bangkit"},{"answerType":"CASCADE","iteration":0,"questionId":"285980912","value":"[{\"code\":\"2\",\"name\":\"Kenya\"},{\"code\":\"22\",\"name\":\"Eastern\"}]"},{"answerType":"VALUE","iteration":0,"questionId":"301860913","value":"18"},{"answerType":"OPTION","iteration":0,"questionId":"301880912","value":"[{\"text\":\"Yes\",\"code\":\"Y\"}]"},{"answerType":"VALUE","iteration":0,"questionId":"315770912","value":"Deden Bangkit"},{"answerType":"OPTION","iteration":0,"questionId":"321850913","value":"[{\"text\":\"Neighbour\",\"code\":\"2\"}]"}],"submissionDate":1587385231597,"username":"Deden","uuid":"ff64b4af-3c17-4d7d-838b-4d2af5b2adf4"}